metric,value,unit,basis,entity_scope,as_of,source_doc,source_location,published,sha256
total_assets,442205,USD_M,GAAP,AHL consolidated,2025-12-31,ahl-10k-fy2025,Consolidated Balance Sheets (printed p.113),2026-02-25,50ca45b205389d30b59fdc75dc66ccfded4df8a2187d1545102f3a3d1399a9be
total_investments,321081,USD_M,GAAP,AHL consolidated,2025-12-31,ahl-10k-fy2025,Consolidated Balance Sheets (printed p.112-113),2026-02-25,50ca45b205389d30b59fdc75dc66ccfded4df8a2187d1545102f3a3d1399a9be
net_invested_assets_incl_rp_vie,386600,USD_M,GAAP/mgmt,AHL consolidated,2025-12-31,ahl-10k-fy2025,MD&A (net invested assets),2026-02-25,50ca45b205389d30b59fdc75dc66ccfded4df8a2187d1545102f3a3d1399a9be
interest_sensitive_contract_liabilities,315889,USD_M,GAAP,AHL consolidated,2025-12-31,ahl-10k-fy2025,Consolidated Balance Sheets (printed p.114),2026-02-25,50ca45b205389d30b59fdc75dc66ccfded4df8a2187d1545102f3a3d1399a9be
future_policy_benefits,50264,USD_M,GAAP,AHL consolidated,2025-12-31,ahl-10k-fy2025,Consolidated Balance Sheets (printed p.114),2026-02-25,50ca45b205389d30b59fdc75dc66ccfded4df8a2187d1545102f3a3d1399a9be
total_liabilities,406567,USD_M,GAAP,AHL consolidated,2025-12-31,ahl-10k-fy2025,Consolidated Balance Sheets (printed p.114),2026-02-25,50ca45b205389d30b59fdc75dc66ccfded4df8a2187d1545102f3a3d1399a9be
debt,7848,USD_M,GAAP,AHL consolidated,2025-12-31,ahl-10k-fy2025,Consolidated Balance Sheets (printed p.114),2026-02-25,50ca45b205389d30b59fdc75dc66ccfded4df8a2187d1545102f3a3d1399a9be
total_equity,35638,USD_M,GAAP,AHL consolidated,2025-12-31,ahl-10k-fy2025,Consolidated Balance Sheets (printed p.114),2026-02-25,50ca45b205389d30b59fdc75dc66ccfded4df8a2187d1545102f3a3d1399a9be
noncontrolling_interests,15146,USD_M,GAAP,AHL consolidated (ACRA/ADIP third-party),2025-12-31,ahl-10k-fy2025,Consolidated Balance Sheets (printed p.114),2026-02-25,50ca45b205389d30b59fdc75dc66ccfded4df8a2187d1545102f3a3d1399a9be
total_revenues,25677,USD_M,GAAP,AHL consolidated,FY2025,ahl-10k-fy2025,Consolidated Statements of Income (printed p.114),2026-02-25,50ca45b205389d30b59fdc75dc66ccfded4df8a2187d1545102f3a3d1399a9be
net_investment_income,17847,USD_M,GAAP,AHL consolidated,FY2025,ahl-10k-fy2025,Consolidated Statements of Income (printed p.114),2026-02-25,50ca45b205389d30b59fdc75dc66ccfded4df8a2187d1545102f3a3d1399a9be
premiums_gaap,2628,USD_M,GAAP,AHL consolidated,FY2025,ahl-10k-fy2025,Consolidated Statements of Income (printed p.114),2026-02-25,50ca45b205389d30b59fdc75dc66ccfded4df8a2187d1545102f3a3d1399a9be
net_income,4221,USD_M,GAAP,AHL consolidated,FY2025,ahl-10k-fy2025,Consolidated Statements of Income (printed p.114),2026-02-25,50ca45b205389d30b59fdc75dc66ccfded4df8a2187d1545102f3a3d1399a9be
net_income_attrib_nci,1510,USD_M,GAAP,AHL consolidated,FY2025,ahl-10k-fy2025,Consolidated Statements of Income (printed p.114),2026-02-25,50ca45b205389d30b59fdc75dc66ccfded4df8a2187d1545102f3a3d1399a9be
gross_inflows_total,83438,USD_M,mgmt,AHL consolidated,FY2025,ahl-10k-fy2025,MD&A net flows table,2026-02-25,50ca45b205389d30b59fdc75dc66ccfded4df8a2187d1545102f3a3d1399a9be
gross_inflows_organic,82098,USD_M,mgmt,AHL consolidated,FY2025,ahl-10k-fy2025,MD&A net flows table,2026-02-25,50ca45b205389d30b59fdc75dc66ccfded4df8a2187d1545102f3a3d1399a9be
inflows_attrib_athene,63236,USD_M,mgmt,AHL consolidated,FY2025,ahl-10k-fy2025,MD&A net flows table,2026-02-25,50ca45b205389d30b59fdc75dc66ccfded4df8a2187d1545102f3a3d1399a9be
inflows_attrib_acra_nci,18452,USD_M,mgmt,ACRA noncontrolling interests,FY2025,ahl-10k-fy2025,MD&A net flows table,2026-02-25,50ca45b205389d30b59fdc75dc66ccfded4df8a2187d1545102f3a3d1399a9be
gross_outflows,35528,USD_M,mgmt,AHL consolidated,FY2025,ahl-10k-fy2025,MD&A net flows table,2026-02-25,50ca45b205389d30b59fdc75dc66ccfded4df8a2187d1545102f3a3d1399a9be
net_flows,47910,USD_M,mgmt,AHL consolidated,FY2025,ahl-10k-fy2025,MD&A net flows table,2026-02-25,50ca45b205389d30b59fdc75dc66ccfded4df8a2187d1545102f3a3d1399a9be
gross_premiums_deposits_net_ext_ceded,83650,USD_M,mgmt,AHL consolidated,FY2025,ahl-10k-fy2025,Item 1 Business products table,2026-02-25,50ca45b205389d30b59fdc75dc66ccfded4df8a2187d1545102f3a3d1399a9be
funding_agreement_deposits,35375,USD_M,mgmt,AHL consolidated,FY2025,ahl-10k-fy2025,Item 1 Business products table,2026-02-25,50ca45b205389d30b59fdc75dc66ccfded4df8a2187d1545102f3a3d1399a9be
net_reserve_liabilities,271233,USD_M,mgmt,AHL consolidated,2025-12-31,ahl-10k-fy2025,Item 1 Business net reserve liabilities table,2026-02-25,50ca45b205389d30b59fdc75dc66ccfded4df8a2187d1545102f3a3d1399a9be
funding_agreements_net_reserve_liab,71433,USD_M,mgmt,AHL consolidated (26.3% of NRL; PY 47384 = 21.0%),2025-12-31,ahl-10k-fy2025,Item 1 Business net reserve liabilities table,2026-02-25,50ca45b205389d30b59fdc75dc66ccfded4df8a2187d1545102f3a3d1399a9be
apollo_management_fees,1441,USD_M,GAAP,fees to Apollo/ISG excl. sub-advisory passthrough 66,FY2025,ahl-10k-fy2025,Note 15 Related Parties,2026-02-25,50ca45b205389d30b59fdc75dc66ccfded4df8a2187d1545102f3a3d1399a9be
bonds_sched_d,158852395199,USD,SAP,AAIA,2025-12-31,aaia-statutory-4q2025,Assets p.2 line 1,2026,6580cd4c9b539f8f7ee17d4c176b2c5b041b5fe8923cf3baf6f5b7ddca1e562a
mortgage_first_liens,84664838463,USD,SAP,AAIA,2025-12-31,aaia-statutory-4q2025,Assets p.2 line 3.1,2026,6580cd4c9b539f8f7ee17d4c176b2c5b041b5fe8923cf3baf6f5b7ddca1e562a
agg_life_reserves,110615749220,USD,SAP,AAIA,2025-12-31,aaia-statutory-4q2025,Liabilities p.3 line 1,2026,6580cd4c9b539f8f7ee17d4c176b2c5b041b5fe8923cf3baf6f5b7ddca1e562a
agg_life_reserves_modco_portion,75305165062,USD,SAP,AAIA,2025-12-31,aaia-statutory-4q2025,Liabilities p.3 line 1 parenthetical,2026,6580cd4c9b539f8f7ee17d4c176b2c5b041b5fe8923cf3baf6f5b7ddca1e562a
deposit_type_liabilities,64259784362,USD,SAP,AAIA,2025-12-31,aaia-statutory-4q2025,Liabilities p.3 line 3,2026,6580cd4c9b539f8f7ee17d4c176b2c5b041b5fe8923cf3baf6f5b7ddca1e562a
deposit_type_modco_portion,40787538317,USD,SAP,AAIA,2025-12-31,aaia-statutory-4q2025,Liabilities p.3 line 3 parenthetical,2026,6580cd4c9b539f8f7ee17d4c176b2c5b041b5fe8923cf3baf6f5b7ddca1e562a
schedS_reserve_credit_taken_total,74345535505,USD,SAP,AAIA ceded all counterparties,2025-12-31,aaia-statutory-4q2025,Schedule S Part 3 Sec 1 line 9999999,2026,6580cd4c9b539f8f7ee17d4c176b2c5b041b5fe8923cf3baf6f5b7ddca1e562a
schedS_premiums_ceded_total,35774014423,USD,SAP,AAIA ceded all counterparties,FY2025,aaia-statutory-4q2025,Schedule S Part 3 Sec 1 line 9999999,2026,6580cd4c9b539f8f7ee17d4c176b2c5b041b5fe8923cf3baf6f5b7ddca1e562a
schedS_modco_reserve_total,168291336691,USD,SAP,AAIA (GA 116092703380 + SA 52198633311),2025-12-31,aaia-statutory-4q2025,Schedule S Part 3 Sec 1 line 9999999,2026,6580cd4c9b539f8f7ee17d4c176b2c5b041b5fe8923cf3baf6f5b7ddca1e562a
schedS_funds_withheld_total,66695003878,USD,SAP,AAIA,2025-12-31,aaia-statutory-4q2025,Schedule S Part 3 Sec 1 line 9999999,2026,6580cd4c9b539f8f7ee17d4c176b2c5b041b5fe8923cf3baf6f5b7ddca1e562a
schedS_nonUS_reserve_credit,65263421108,USD,SAP,AAIA ceded to AARe (BMU) — sole non-US affiliate counterparty,2025-12-31,aaia-statutory-4q2025,Schedule S Part 3 Sec 1 line 9299999,2026,6580cd4c9b539f8f7ee17d4c176b2c5b041b5fe8923cf3baf6f5b7ddca1e562a
premiums_fixed_annuity,28052,USD_M,mgmt,AHL consolidated,FY2025,ahl-10k-fy2025,Item 1 Business gross premiums & deposits by product,2026-02-25,50ca45b205389d30b59fdc75dc66ccfded4df8a2187d1545102f3a3d1399a9be
premiums_indexed_annuity,16718,USD_M,mgmt,AHL consolidated,FY2025,ahl-10k-fy2025,Item 1 Business gross premiums & deposits by product,2026-02-25,50ca45b205389d30b59fdc75dc66ccfded4df8a2187d1545102f3a3d1399a9be
premiums_pension_group_annuity,752,USD_M,mgmt,AHL consolidated,FY2025,ahl-10k-fy2025,Item 1 Business gross premiums & deposits by product,2026-02-25,50ca45b205389d30b59fdc75dc66ccfded4df8a2187d1545102f3a3d1399a9be
premiums_payout_annuity,637,USD_M,mgmt,AHL consolidated,FY2025,ahl-10k-fy2025,Item 1 Business gross premiums & deposits by product,2026-02-25,50ca45b205389d30b59fdc75dc66ccfded4df8a2187d1545102f3a3d1399a9be
premiums_total_annuity,46159,USD_M,mgmt,AHL consolidated,FY2025,ahl-10k-fy2025,Item 1 Business gross premiums & deposits by product,2026-02-25,50ca45b205389d30b59fdc75dc66ccfded4df8a2187d1545102f3a3d1399a9be
premiums_life_other,2116,USD_M,mgmt,AHL consolidated,FY2025,ahl-10k-fy2025,Item 1 Business gross premiums & deposits by product,2026-02-25,50ca45b205389d30b59fdc75dc66ccfded4df8a2187d1545102f3a3d1399a9be
inflows_ceded_third_party,1750,USD_M,mgmt,AHL consolidated,FY2025,ahl-10k-fy2025,MD&A net flows table,2026-02-25,50ca45b205389d30b59fdc75dc66ccfded4df8a2187d1545102f3a3d1399a9be
aaia_total_admitted_assets,340749854753,USD,SAP,AAIA entity (incl separate accounts),2025-12-31,aaia-statutory-4q2025,Assets p.2 line 28 col 3,2026,6580cd4c9b539f8f7ee17d4c176b2c5b041b5fe8923cf3baf6f5b7ddca1e562a
aany_total_admitted_assets,5371386374,USD,SAP,AANY entity,2025-12-31,aany-statutory-4q2025,Assets p.2 line 28 col 3,2026,ab1cb3744205ff0e7f2643d23d80756b89c05b786f491022f74b82cf8d9015c2
aare_total_assets_gaap,441427,USD_M,GAAP,AARe consolidated (= operating group),2025-12-31,aare-gaap-fs-ye2025,Consolidated Balance Sheet,2026-07-02,5dadb3d244e8d8dc5f1d81bd39439455dc1c1806d4b80cb535350ac74c6df5b9
aare_total_investments_gaap,321057,USD_M,GAAP,AARe consolidated,2025-12-31,aare-gaap-fs-ye2025,Consolidated Balance Sheet,2026-07-02,5dadb3d244e8d8dc5f1d81bd39439455dc1c1806d4b80cb535350ac74c6df5b9
alre_total_investments_derived,23957672000,USD,SAP-Bermuda derived,ALRe standalone (sum of quoted+unquoted+affiliate+mortgage; not a printed total),2025-12-31,alre-stat-fs-ye2025,Balance sheet components,2026,64e628cec44e4975677cab736927140316d5f5a49eec070c9ee59f810da1c29e
aaia_total_adjusted_capital,9503503398,USD,SAP,AAIA,2025-12-31,aaia-statutory-4q2025,Five-Year Historical Data p.91 line 30,2026,6580cd4c9b539f8f7ee17d4c176b2c5b041b5fe8923cf3baf6f5b7ddca1e562a
aaia_authorized_control_level_rbc,1090950938,USD,SAP,AAIA,2025-12-31,aaia-statutory-4q2025,Five-Year Historical Data p.91 line 31,2026,6580cd4c9b539f8f7ee17d4c176b2c5b041b5fe8923cf3baf6f5b7ddca1e562a
aaia_max_dividend_without_approval,0,USD_M,SAP,AAIA (2025 and 2024),2025-12-31,aare-gaap-fs-ye2025,Note - Statutory Requirements,2026-07-02,5dadb3d244e8d8dc5f1d81bd39439455dc1c1806d4b80cb535350ac74c6df5b9
statcs_alre,13702,USD_M,SAP-Bermuda,ALRe (PY 17623 — down 3.9B),2025-12-31,aare-gaap-fs-ye2025,Note - Statutory capital and surplus table,2026-07-02,5dadb3d244e8d8dc5f1d81bd39439455dc1c1806d4b80cb535350ac74c6df5b9
statcs_aare,23713,USD_M,SAP-Bermuda,AARe (PY 21049),2025-12-31,aare-gaap-fs-ye2025,Note - Statutory capital and surplus table,2026-07-02,5dadb3d244e8d8dc5f1d81bd39439455dc1c1806d4b80cb535350ac74c6df5b9
statcs_acra1a,3822,USD_M,SAP-Bermuda,ACRA 1A (PY 4521),2025-12-31,aare-gaap-fs-ye2025,Note - Statutory capital and surplus table,2026-07-02,5dadb3d244e8d8dc5f1d81bd39439455dc1c1806d4b80cb535350ac74c6df5b9
statcs_acra2a,6585,USD_M,SAP-Bermuda,ACRA 2A (PY 4569),2025-12-31,aare-gaap-fs-ye2025,Note - Statutory capital and surplus table,2026-07-02,5dadb3d244e8d8dc5f1d81bd39439455dc1c1806d4b80cb535350ac74c6df5b9
statcs_aaia,4122,USD_M,SAP,AAIA (PY 3899),2025-12-31,aare-gaap-fs-ye2025,Note - Statutory capital and surplus table,2026-07-02,5dadb3d244e8d8dc5f1d81bd39439455dc1c1806d4b80cb535350ac74c6df5b9
athene_re_usa_iv_loc_admitted,76,USD_M,SAP-permitted-practice,Athene Re USA IV — LOCs counted as admitted assets,2025-12-31,aare-gaap-fs-ye2025,Note - Statutory Requirements,2026-07-02,5dadb3d244e8d8dc5f1d81bd39439455dc1c1806d4b80cb535350ac74c6df5b9
aare_gaap_capital_surplus,42889,USD_M,GAAP,AARe,2025-12-31,athene-bermuda-fcr-2025,Section 8b(i) ECR and MSM table,2026-04,318949f0ae8329b1c2e28b2d0f04a983da9eeb26c1e752eb263427d0801bd314
aare_ebs_capital,30623,USD_M,EBS,AARe eligible capital (all Tier 1),2025-12-31,athene-bermuda-fcr-2025,Section 8b(i) ECR and MSM table,2026-04,318949f0ae8329b1c2e28b2d0f04a983da9eeb26c1e752eb263427d0801bd314
aare_ecr_required,15166,USD_M,EBS,AARe (PY 11911 — +27% in a year),2025-12-31,athene-bermuda-fcr-2025,Section 8b(i) ECR and MSM table,2026-04,318949f0ae8329b1c2e28b2d0f04a983da9eeb26c1e752eb263427d0801bd314
aare_bscr_ratio,202,PCT,EBS,AARe (PY 242%),2025-12-31,athene-bermuda-fcr-2025,Section 8b(i) ECR and MSM table,2026-04,318949f0ae8329b1c2e28b2d0f04a983da9eeb26c1e752eb263427d0801bd314
alre_ebs_capital,18622,USD_M,EBS,ALRe eligible capital (PY 23939),2025-12-31,athene-bermuda-fcr-2025,Section 8b(i) ECR and MSM table,2026-04,318949f0ae8329b1c2e28b2d0f04a983da9eeb26c1e752eb263427d0801bd314
alre_ecr_required,6026,USD_M,EBS,ALRe (PY 5283),2025-12-31,athene-bermuda-fcr-2025,Section 8b(i) ECR and MSM table,2026-04,318949f0ae8329b1c2e28b2d0f04a983da9eeb26c1e752eb263427d0801bd314
alre_bscr_ratio,309,PCT,EBS,ALRe (PY 453%),2025-12-31,athene-bermuda-fcr-2025,Section 8b(i) ECR and MSM table,2026-04,318949f0ae8329b1c2e28b2d0f04a983da9eeb26c1e752eb263427d0801bd314
sis_issuer_credit_obligations,85388493721,USD,SAP,AAIA,2025-12-31,aaia-statutory-4q2025,Summary Investment Schedule line 1.18,2026,6580cd4c9b539f8f7ee17d4c176b2c5b041b5fe8923cf3baf6f5b7ddca1e562a
sis_abs_total,73463901478,USD,SAP,AAIA,2025-12-31,aaia-statutory-4q2025,Summary Investment Schedule line 2.04,2026,6580cd4c9b539f8f7ee17d4c176b2c5b041b5fe8923cf3baf6f5b7ddca1e562a
sis_abs_financial_self_liquidating,58721404736,USD,SAP,AAIA,2025-12-31,aaia-statutory-4q2025,Summary Investment Schedule line 2.01,2026,6580cd4c9b539f8f7ee17d4c176b2c5b041b5fe8923cf3baf6f5b7ddca1e562a
sis_abs_financial_not_self_liquidating,10088784617,USD,SAP,AAIA,2025-12-31,aaia-statutory-4q2025,Summary Investment Schedule line 2.02,2026,6580cd4c9b539f8f7ee17d4c176b2c5b041b5fe8923cf3baf6f5b7ddca1e562a
sis_abs_nonfinancial,4653712125,USD,SAP,AAIA,2025-12-31,aaia-statutory-4q2025,Summary Investment Schedule line 2.03,2026,6580cd4c9b539f8f7ee17d4c176b2c5b041b5fe8923cf3baf6f5b7ddca1e562a
sis_corporate_bonds,40883044785,USD,SAP,AAIA,2025-12-31,aaia-statutory-4q2025,Summary Investment Schedule line 1.07,2026,6580cd4c9b539f8f7ee17d4c176b2c5b041b5fe8923cf3baf6f5b7ddca1e562a
sis_us_govt,14783432998,USD,SAP,AAIA,2025-12-31,aaia-statutory-4q2025,Summary Investment Schedule line 1.01,2026,6580cd4c9b539f8f7ee17d4c176b2c5b041b5fe8923cf3baf6f5b7ddca1e562a
sis_bonds_issued_by_funds,11834873029,USD,SAP,AAIA,2025-12-31,aaia-statutory-4q2025,Summary Investment Schedule line 1.12,2026,6580cd4c9b539f8f7ee17d4c176b2c5b041b5fe8923cf3baf6f5b7ddca1e562a
sis_single_entity_backed,8711534737,USD,SAP,AAIA,2025-12-31,aaia-statutory-4q2025,Summary Investment Schedule line 1.09,2026,6580cd4c9b539f8f7ee17d4c176b2c5b041b5fe8923cf3baf6f5b7ddca1e562a
sis_project_finance,5634435971,USD,SAP,AAIA,2025-12-31,aaia-statutory-4q2025,Summary Investment Schedule line 1.06,2026,6580cd4c9b539f8f7ee17d4c176b2c5b041b5fe8923cf3baf6f5b7ddca1e562a
sis_bank_loans,2502024155,USD,SAP,AAIA (issued 1058120230 + acquired 1443903925),2025-12-31,aaia-statutory-4q2025,Summary Investment Schedule lines 1.13-1.14,2026,6580cd4c9b539f8f7ee17d4c176b2c5b041b5fe8923cf3baf6f5b7ddca1e562a
sis_mortgages_residential,52096387976,USD,SAP,AAIA,2025-12-31,aaia-statutory-4q2025,Summary Investment Schedule line 5.02,2026,6580cd4c9b539f8f7ee17d4c176b2c5b041b5fe8923cf3baf6f5b7ddca1e562a
sis_mortgages_commercial,33644882171,USD,SAP,AAIA,2025-12-31,aaia-statutory-4q2025,Summary Investment Schedule line 5.03,2026,6580cd4c9b539f8f7ee17d4c176b2c5b041b5fe8923cf3baf6f5b7ddca1e562a
sis_mortgages_mezzanine,1004149885,USD,SAP,AAIA,2025-12-31,aaia-statutory-4q2025,Summary Investment Schedule line 5.04,2026,6580cd4c9b539f8f7ee17d4c176b2c5b041b5fe8923cf3baf6f5b7ddca1e562a
sis_schedule_ba_other_invested,17461797563,USD,SAP,AAIA gross (admitted 17387119006),2025-12-31,aaia-statutory-4q2025,Summary Investment Schedule line 10,2026,6580cd4c9b539f8f7ee17d4c176b2c5b041b5fe8923cf3baf6f5b7ddca1e562a
sis_derivatives,5395752655,USD,SAP,AAIA,2025-12-31,aaia-statutory-4q2025,Summary Investment Schedule line 9,2026,6580cd4c9b539f8f7ee17d4c176b2c5b041b5fe8923cf3baf6f5b7ddca1e562a
sis_cash_and_st,9357351729,USD,SAP,AAIA,2025-12-31,aaia-statutory-4q2025,Summary Investment Schedule line 7.04,2026,6580cd4c9b539f8f7ee17d4c176b2c5b041b5fe8923cf3baf6f5b7ddca1e562a
sis_total_invested_assets,282171785028,USD,SAP,AAIA gross,2025-12-31,aaia-statutory-4q2025,Summary Investment Schedule line 14,2026,6580cd4c9b539f8f7ee17d4c176b2c5b041b5fe8923cf3baf6f5b7ddca1e562a
bonds_acquired_fy2025,97547231851,USD,SAP,AAIA (ICO 57642302246 + ABS 39904929605),FY2025,aaia-statutory-4q2025,Schedule D Verification line 2,2026,6580cd4c9b539f8f7ee17d4c176b2c5b041b5fe8923cf3baf6f5b7ddca1e562a
bonds_disposed_fy2025,71600754660,USD,SAP,AAIA (ICO 41701399869 + ABS 29899354791),FY2025,aaia-statutory-4q2025,Schedule D Verification line 6,2026,6580cd4c9b539f8f7ee17d4c176b2c5b041b5fe8923cf3baf6f5b7ddca1e562a
mortgages_acquired_fy2025,38403242920,USD,SAP,AAIA,FY2025,aaia-statutory-4q2025,Schedule B Verification line 2,2026,6580cd4c9b539f8f7ee17d4c176b2c5b041b5fe8923cf3baf6f5b7ddca1e562a
mortgages_disposed_fy2025,12747768768,USD,SAP,AAIA,FY2025,aaia-statutory-4q2025,Schedule B Verification line 7,2026,6580cd4c9b539f8f7ee17d4c176b2c5b041b5fe8923cf3baf6f5b7ddca1e562a
ba_begin_fy2025,11609085609,USD,SAP,AAIA,2024-12-31,aaia-statutory-4q2025,Schedule BA Verification line 1,2026,6580cd4c9b539f8f7ee17d4c176b2c5b041b5fe8923cf3baf6f5b7ddca1e562a
ba_acquired_fy2025,9853471774,USD,SAP,AAIA,FY2025,aaia-statutory-4q2025,Schedule BA Verification line 2,2026,6580cd4c9b539f8f7ee17d4c176b2c5b041b5fe8923cf3baf6f5b7ddca1e562a
pbbd_reclass_d_to_ba_ga,1648.5,USD_M,SAP,AAIA general account (pre-adoption BACV; SA adds 229.0),2025-01-01,aaia-statutory-4q2025,Note 2 Accounting Changes,2026,6580cd4c9b539f8f7ee17d4c176b2c5b041b5fe8923cf3baf6f5b7ddca1e562a
reserve_error_correction,64.0,USD_M,SAP,AAIA — understatement of aggregate life reserves discovered 2025,FY2025,aaia-statutory-4q2025,Note 2 Accounting Changes,2026,6580cd4c9b539f8f7ee17d4c176b2c5b041b5fe8923cf3baf6f5b7ddca1e562a
aaia_nii_net,12732699320,USD,SAP,AAIA (net of investment expenses; PY 10501479275),FY2025,aaia-statutory-4q2025,Summary of Operations p.4 line 3,2026,6580cd4c9b539f8f7ee17d4c176b2c5b041b5fe8923cf3baf6f5b7ddca1e562a
aaia_fwh_adjustment_ceded,3544758297,USD,SAP,AAIA — investment results passed to reinsurer on funds-withheld business,FY2025,aaia-statutory-4q2025,Summary of Operations p.4 write-in 2701,2026,6580cd4c9b539f8f7ee17d4c176b2c5b041b5fe8923cf3baf6f5b7ddca1e562a
aaia_fwh_adjustment_assumed,130183473,USD,SAP,AAIA,FY2025,aaia-statutory-4q2025,Summary of Operations p.4 write-in 8.302,2026,6580cd4c9b539f8f7ee17d4c176b2c5b041b5fe8923cf3baf6f5b7ddca1e562a
aaia_interest_deposit_type,1573987953,USD,SAP,AAIA — interest on deposit-type funds (FABN/FHLB/GIC block),FY2025,aaia-statutory-4q2025,Summary of Operations p.4 line 17,2026,6580cd4c9b539f8f7ee17d4c176b2c5b041b5fe8923cf3baf6f5b7ddca1e562a
aaia_tabular_interest_indiv_annuities,2096835422,USD,SAP,AAIA,FY2025,aaia-statutory-4q2025,Analysis of Increase in Reserves p.15 line 4,2026,6580cd4c9b539f8f7ee17d4c176b2c5b041b5fe8923cf3baf6f5b7ddca1e562a
aaia_tabular_interest_group_annuities,8269553,USD,SAP,AAIA,FY2025,aaia-statutory-4q2025,Analysis of Increase in Reserves p.16 line 4,2026,6580cd4c9b539f8f7ee17d4c176b2c5b041b5fe8923cf3baf6f5b7ddca1e562a
aaia_mortgage_otti,51810227,USD,SAP,AAIA,FY2025,aaia-statutory-4q2025,Schedule B Verification line 10,2026,6580cd4c9b539f8f7ee17d4c176b2c5b041b5fe8923cf3baf6f5b7ddca1e562a
total_benefits_expenses,20570,USD_M,GAAP,AHL consolidated,FY2025,ahl-10k-fy2025,Consolidated Statements of Income (printed p.114),2026-02-25,50ca45b205389d30b59fdc75dc66ccfded4df8a2187d1545102f3a3d1399a9be
isc_benefits_expense,12089,USD_M,GAAP,AHL consolidated,FY2025,ahl-10k-fy2025,Consolidated Statements of Income (printed p.114),2026-02-25,50ca45b205389d30b59fdc75dc66ccfded4df8a2187d1545102f3a3d1399a9be
future_policy_benefits_expense,4433,USD_M,GAAP,AHL consolidated,FY2025,ahl-10k-fy2025,Consolidated Statements of Income (printed p.114; residual of itemized lines cross-foots to total),2026-02-25,50ca45b205389d30b59fdc75dc66ccfded4df8a2187d1545102f3a3d1399a9be
mrb_remeasurement_loss,452,USD_M,GAAP,AHL consolidated,FY2025,ahl-10k-fy2025,Consolidated Statements of Income (printed p.114),2026-02-25,50ca45b205389d30b59fdc75dc66ccfded4df8a2187d1545102f3a3d1399a9be
dac_amortization,1242,USD_M,GAAP,AHL consolidated,FY2025,ahl-10k-fy2025,Consolidated Statements of Income (printed p.114),2026-02-25,50ca45b205389d30b59fdc75dc66ccfded4df8a2187d1545102f3a3d1399a9be
policy_operating_expenses,2354,USD_M,GAAP,AHL consolidated,FY2025,ahl-10k-fy2025,Consolidated Statements of Income (printed p.114),2026-02-25,50ca45b205389d30b59fdc75dc66ccfded4df8a2187d1545102f3a3d1399a9be
provision_credit_losses_gaap,111,USD_M,GAAP,AHL consolidated,FY2025,ahl-10k-fy2025,Investment related gains (losses) note,2026-02-25,50ca45b205389d30b59fdc75dc66ccfded4df8a2187d1545102f3a3d1399a9be
pretax_income,5107,USD_M,GAAP,AHL consolidated,FY2025,ahl-10k-fy2025,Consolidated Statements of Income (printed p.114),2026-02-25,50ca45b205389d30b59fdc75dc66ccfded4df8a2187d1545102f3a3d1399a9be
income_tax_expense,886,USD_M,GAAP,AHL consolidated,FY2025,ahl-10k-fy2025,Consolidated Statements of Income (printed p.114),2026-02-25,50ca45b205389d30b59fdc75dc66ccfded4df8a2187d1545102f3a3d1399a9be
net_income_consolidated,4221,USD_M,GAAP,AHL consolidated,FY2025,ahl-10k-fy2025,Consolidated Statements of Income (printed p.114),2026-02-25,50ca45b205389d30b59fdc75dc66ccfded4df8a2187d1545102f3a3d1399a9be
ni_attrib_nci,1510,USD_M,GAAP,AHL consolidated,FY2025,ahl-10k-fy2025,Consolidated Statements of Income (printed p.114),2026-02-25,50ca45b205389d30b59fdc75dc66ccfded4df8a2187d1545102f3a3d1399a9be
ni_available_common,2634,USD_M,GAAP,AHL consolidated (after pref divs 161 + redemption adj 84),FY2025,ahl-10k-fy2025,EPS note (printed),2026-02-25,50ca45b205389d30b59fdc75dc66ccfded4df8a2187d1545102f3a3d1399a9be
ahl_stockholders_equity,20492,USD_M,GAAP,AHL parent stockholders,2025-12-31,ahl-10k-fy2025,Consolidated Balance Sheets (printed p.114),2026-02-25,50ca45b205389d30b59fdc75dc66ccfded4df8a2187d1545102f3a3d1399a9be
ahl_stockholders_equity_py,16360,USD_M,GAAP,AHL parent stockholders,2024-12-31,ahl-10k-fy2025,Consolidated Balance Sheets (printed p.114),2026-02-25,50ca45b205389d30b59fdc75dc66ccfded4df8a2187d1545102f3a3d1399a9be
preferred_liquidation_outstanding,2283,USD_M,GAAP,AHL Series A+B+D+E (C redeemed 2025),2025-12-31,ahl-10k-fy2025,Consolidated Balance Sheets equity block (863+345+575+500),2026-02-25,50ca45b205389d30b59fdc75dc66ccfded4df8a2187d1545102f3a3d1399a9be
preferred_liquidation_outstanding_py,2883,USD_M,GAAP,AHL Series A-E,2024-12-31,ahl-10k-fy2025,Consolidated Balance Sheets equity block,2026-02-25,50ca45b205389d30b59fdc75dc66ccfded4df8a2187d1545102f3a3d1399a9be
nci_py,9514,USD_M,GAAP,AHL consolidated (ACRA/ADIP third-party),2024-12-31,ahl-10k-fy2025,Consolidated Balance Sheets (printed p.114),2026-02-25,50ca45b205389d30b59fdc75dc66ccfded4df8a2187d1545102f3a3d1399a9be
total_equity_py,25874,USD_M,GAAP,AHL consolidated,2024-12-31,ahl-10k-fy2025,Consolidated Balance Sheets (printed p.114),2026-02-25,50ca45b205389d30b59fdc75dc66ccfded4df8a2187d1545102f3a3d1399a9be
aoci_loss,-2641,USD_M,GAAP,AHL parent stockholders,2025-12-31,ahl-10k-fy2025,Consolidated Balance Sheets (printed p.114),2026-02-25,50ca45b205389d30b59fdc75dc66ccfded4df8a2187d1545102f3a3d1399a9be
aoci_loss_py,-5465,USD_M,GAAP,AHL parent stockholders,2024-12-31,ahl-10k-fy2025,Consolidated Balance Sheets (printed p.114),2026-02-25,50ca45b205389d30b59fdc75dc66ccfded4df8a2187d1545102f3a3d1399a9be
